<?xml version="1.0" ?> 
<content>

	<page id="home">
		<name>Home</name>
		<tiles>
			<tile id="opensource">
				<source></source>
				<location>page</location>
				<content>Open Source</content>
				<color>red</color>
			</tile>
			<tile id="cloud">
				<source></source>
				<location>page</location>
				<content>Open in the Cloud</content>
				<color>blue</color>
			</tile>
			<tile id="opengovernment">
				<source></source>
				<location>page</location>
				<content>Openness in Government</content>
				<color>orange</color>
			</tile>
			<tile id="about">
				<source></source>
				<location>page</location>
				<content>About Openness</content>
				<color>green</color>
			</tile>
		</tiles>
		<video id="Standards-the-key-to-choice-and-flexibility">
			<thumb>brad_smith.jpg</thumb>
			<smallposter>standards_225.jpg</smallposter>
			<poster>standards.jpg</poster>
			<mp4video>http://cdn-smooth.ms-studiosmedia.com/msstudios/Openess/mp4/Standards_LowRes.mp4</mp4video>
			<ogvvideo>http://cdn-smooth.ms-studiosmedia.com/msstudios/Openess/ogv/Standards_LowRes.ogv</ogvvideo>
			<webmvideo>http://cdn-smooth.ms-studiosmedia.com/msstudios/Openess/webm/Standards_LowRes.webm</webmvideo>
			<title>Standards, the key to choice and flexibility</title>
			<label>See how Microsoft invests in standards for greater innovation</label>
			<description>In some cases, standards are seen as restrictive, but in the IT industry they open the way for innovation and simplify the development process by providing a road map for technology to work across platforms. This is why Microsoft supports and embraces the ongoing creation of standards across the industry.</description>
		</video>
		<video id="Commitment-to-Openness">
			<thumb>jean_philippe_courtois.jpg</thumb>
			<smallposter>openness_200.jpg</smallposter>
			<poster>openness.jpg</poster>
			<mp4video>http://cdn-smooth.ms-studiosmedia.com/msstudios/Openess/mp4/Openness_LowRes.mp4</mp4video>
			<ogvvideo>http://cdn-smooth.ms-studiosmedia.com/msstudios/Openess/ogv/Openness_LowRes.ogv</ogvvideo>
			<webmvideo>http://cdn-smooth.ms-studiosmedia.com/msstudios/Openess/webm/Openness_LowRes.webm</webmvideo>
			<title>Company-wide Commitment</title>
			<label>Microsoft's company-wide commitment to openness</label>
			<description>In some cases, standards are seen as restrictive, but in the IT industry they open the way for innovation and simplify the development process by providing a road map for technology to work across platforms. This is why Microsoft supports and embraces the ongoing creation of standards across the industry.</description>
		</video>

	</page>
	<!--End Home-->
	
	<page id="about">
		<name>About Openness</name>
		<tiles>
			<tile id="about">
				<source>about-about.html</source>
				<location>drawer</location>
				<content>About Openness</content>
				<color>green</color>
			</tile>
			<tile id="projects">
				<source>http://www.microsoft.com/opensource/directory.aspx</source>
				<location>newpage</location>
				<content><![CDATA[Projects &raquo;<br /><small style="margin-top:5px;">Visit project directory site</small>]]></content>
				<color>blue</color>
			</tile>
			<tile id="videos">
				<source></source>
				<location>drawer</location>
				<content>More Videos</content>
				<color>red</color>
			</tile>
			<!--<tile id="factoid">
				<location>drawer</location>
				<highlight>$537 BILLION</highlight>
				<message>Revenue that the Microsoft ecosystem collectively generated</message>
			</tile>-->
			<tile id="factoid">
				<location>drawer</location>
				<poster>Ecosystem.png</poster>
			</tile>
		</tiles>
		
		<videos>
			<video id="AboutOpenness">
				<thumb>james_utzschneider.jpg</thumb>
				<smallposter>bridge_225.jpg</smallposter>
				<poster>open_up.jpg</poster>
			<mp4video>http://cdn-smooth.ms-studiosmedia.com/msstudios/Openess/mp4/1006013_Interop_MSFT_Openness_JAMES.mp4</mp4video>
			<ogvvideo>http://cdn-smooth.ms-studiosmedia.com/msstudios/Openess/ogv/1006013_Interop_MSFT_Openness_JAMES.ogv</ogvvideo>
			<webmvideo>http://cdn-smooth.ms-studiosmedia.com/msstudios/Openess/webm/1006013_Interop_MSFT_Openness_JAMES.webm</webmvideo>
				<title>James Utzschneider, GM, Sales, Marketing &amp; Services Group</title>
				<label>We have changed as a company and have become more open in the way that we work with and collaborate with others in the industry</label>
				<description>We have changed as a company and have become more open in the way that we work with and collaborate with others in the industry</description>
			</video>
			<video id="Commitment-to-Openness">
				<thumb>jean_philippe_courtois.jpg</thumb>
				<smallposter>openness_225.jpg</smallposter>
				<poster>openness.jpg</poster>
			<mp4video>http://cdn-smooth.ms-studiosmedia.com/msstudios/Openess/mp4/Openness_LowRes.mp4</mp4video>
			<ogvvideo>http://cdn-smooth.ms-studiosmedia.com/msstudios/Openess/ogv/Openness_LowRes.ogv</ogvvideo>
			<webmvideo>http://cdn-smooth.ms-studiosmedia.com/msstudios/Openess/webm/Openness_LowRes.webm</webmvideo>
				<title>Company-wide Commitment</title>
			<label>Microsoft's company-wide commitment to openness</label>
			<description>In some cases, standards are seen as restrictive, but in the IT industry they open the way for innovation and simplify the development process by providing a road map for technology to work across platforms. This is why Microsoft supports and embraces the ongoing creation of standards across the industry.</description>
			</video>
		</videos>
	</page>
	<!--End About Page-->
	
	<page id="opensource">
		<name>Open Source</name>

		<tiles>
			<tile id="casestudies">
				<source>opensource-casestudies.html</source>
				<location>drawer</location>
				<content>Case Studies</content>
				<color>green</color>
			</tile>
			<tile id="resources">
				<source>opensource-resources.html</source>
				<location>drawer</location>
				<content>Resources + Related Items</content>
				<color>blue</color>
			</tile>
			<tile id="videos">
				<source></source>
				<location>drawer</location>
				<content>More Videos</content>
				<color>red</color>
			</tile>
			<!--<tile id="factoid">
				<location>drawer</location>
				<highlight>350,000+</highlight>
				<message>Open Source Applications Run on Microsoft Platforms</message>
			</tile>	-->
			<tile id="factoid">
				<location>drawer</location>
				<poster>OpenSource.png</poster>
			</tile>
		</tiles>
		
		<videos>
			<video id="MicrosoftPlusDrupal">
				<thumb>kristof_van_tomme.jpg</thumb>
				<smallposter>drupal_225.jpg</smallposter>
				<poster>drupal.jpg</poster>
			<mp4video>http://cdn-smooth.ms-studiosmedia.com/msstudios/Openess/mp4/MSFT_Drupal.mp4</mp4video>
			<ogvvideo>http://cdn-smooth.ms-studiosmedia.com/msstudios/Openess/ogv/MSFT_Drupal.ogv</ogvvideo>
			<webmvideo>http://cdn-smooth.ms-studiosmedia.com/msstudios/Openess/webm/MSFT_Drupal.webm</webmvideo>
				<title>Kristof Van Tomme | CEO Provonix &amp; Drupal Evangelist</title>
				<label>Together, Microsoft and Drupal are providing customers new interoperability solutions</label>
				<description>Drupal is a popular open source content management system that powers many of the world's web sites. Learn how Microsoft and Drupal work together to meet customer needs.</description>
			</video>
			<video id="MicrosoftPlusSugarCRM">
				<thumb>larry_augustin.jpg</thumb>
				<smallposter>open_source_225.jpg</smallposter>
				<poster>open_source.jpg</poster>
			<mp4video>http://cdn-smooth.ms-studiosmedia.com/msstudios/Openess/mp4/OpenSourceVideo_Montage.mp4</mp4video>
			<ogvvideo>http://cdn-smooth.ms-studiosmedia.com/msstudios/Openess/ogv/OpenSourceVideo_Montage.ogv</ogvvideo>
			<!--<webmvideo>http://cdn-smooth.ms-studiosmedia.com/msstudios/Openess/webm/OpenSourceVideo_Montage.webm</webmvideo>-->
				<title>Larry Augustin | CEO, SugarCRM</title>
				<label>Industry leaders share their perspective on open source and Microsoft</label>
				<description>SugarCRM is one of the largest developers of open source CRM software in the world. Listen to CEO Larry Augustin and other open source developers describe how Microsoft works with them to offer the best of both worlds.</description>
			</video>
		</videos>
	</page>
	<!--End Case Studies Page-->

	<page id="opengovernment">
		<name>Openness in Government</name>
		<tiles>
			<tile id="casestudies">
				<source>govt-casestudies.html</source>
				<location>drawer</location>
				<content>Case Studies</content>
				<color>green</color>
			</tile>
			<tile id="resources">
				<source>govt-resources.html</source>
				<location>drawer</location>
				<content>Resources + Related Items</content>
				<color>blue</color>
			</tile>
			<tile id="videos">
				<source></source>
				<location>drawer</location>
				<content>More Videos</content>
				<color>red</color>
			</tile>
			<!--<tile id="factoid">
				<location>drawer</location>
				<highlight>150+</highlight>
				<message>Standards Organizations Microsoft is involved with</message>
			</tile>-->
			<tile id="factoid">
				<location>drawer</location>
				<poster>Standards.png</poster>
			</tile>
		</tiles>
		
		<videos>
			<video id="Redlands">
				<thumb>dr_peter_lennox.jpg</thumb>
				<smallposter>redlands_225.jpg</smallposter>
				<poster>redlands.jpg</poster>
			<mp4video>http://cdn-smooth.ms-studiosmedia.com/msstudios/Openess/mp4/Video_MicrosoftCaseStudy_Redlands.mp4</mp4video>
			<ogvvideo>http://cdn-smooth.ms-studiosmedia.com/msstudios/Openess/ogv/Video_MicrosoftCaseStudy_Redlands.ogv</ogvvideo>
			<webmvideo>http://cdn-smooth.ms-studiosmedia.com/msstudios/Openess/webm/Video_MicrosoftCaseStudy_Redlands.webm</webmvideo>
				<title>Australia | Redlands School</title>
				<label>Redlands School innovates with their Smart Online Learning System</label>
				<description>Australia's Redlands School uses an open source learning system called Moodle. Redlands worked with Microsoft to deploy Live@Edu, giving students and staff a secure, scalable cloud-based mail service integrated with Moodle. As a result, Redlands saw cost savings as well as reduced IT overhead.</description>
			</video>
			<video id="Tunisia">
				<thumb>tunisia_thumb.jpg</thumb>
				<smallposter>tunisia_225.jpg</smallposter>
				<poster>tunisia.jpg</poster>
			<mp4video>http://cdn-smooth.ms-studiosmedia.com/msstudios/Openess/mp4/Tunisia_CNI.mp4</mp4video>
			<ogvvideo>http://cdn-smooth.ms-studiosmedia.com/msstudios/Openess/ogv/Tunisia_CNI.ogv</ogvvideo>
			<webmvideo>http://cdn-smooth.ms-studiosmedia.com/msstudios/Openess/webm/Tunisia_CNI.webm</webmvideo>
				<aspect>4:3</aspect>
				<title>Connected Government</title>
				<label>The Connected Government Framework reduces costs, improves service</label>
				<description>Microsoft's Connected Government Framework is built on the idea of operability. This translates into freedom of choice in technology, as well as enhanced performance, and time and cost savings.</description>
			</video>
		</videos>
	</page>
	<!--End .aspxment Page-->
	
	<page id="cloud">
		<name>Open in the Cloud</name>
		<tiles>
			<tile id="casestudies">
				<source>cloud-casestudies.html</source>
				<location>drawer</location>
				<content>Case Studies</content>
				<color>green</color>
			</tile>
			<tile id="resources">
				<source>cloud-resources.html</source>
				<location>drawer</location>
				<content>Resources + Related Items</content>
				<color>blue</color>
			</tile>
			<tile id="videos">
				<source></source>
				<location>drawer</location>
				<content>More Videos</content>
				<color>red</color>
			</tile>
			<!--<tile id="factoid">
				<location>drawer</location>
				<highlight>1 Billion</highlight>
				<message>Customers that rely on Microsoft's cloud infrastructure every year</message>
			</tile>-->
			<tile id="factoid">
				<location>drawer</location>
				<poster>CloudJobs.png</poster>
			</tile>
		</tiles>
		
		
		<videos>
			<video id="MicrosoftPlusDrupal">
				<thumb>kristof_van_tomme.jpg</thumb>
				<smallposter>drupal_225.jpg</smallposter>
				<poster>drupal.jpg</poster>
			<mp4video>http://cdn-smooth.ms-studiosmedia.com/msstudios/Openess/mp4/MSFT_Drupal.mp4</mp4video>
			<ogvvideo>http://cdn-smooth.ms-studiosmedia.com/msstudios/Openess/ogv/MSFT_Drupal.ogv</ogvvideo>
			<webmvideo>http://cdn-smooth.ms-studiosmedia.com/msstudios/Openess/webm/MSFT_Drupal.webm</webmvideo>
				<title>Kristof Van Tomme | CEO Provonix &amp; Drupal Evangelist</title>
				<label>Together, Microsoft and Drupal are providing customers new interoperability solutions</label>
				<description>Drupal is a popular open source content management system that powers many of the world's web sites. Learn how Microsoft and Drupal work together to meet customer needs. </description>
			</video>
			<video id="MicrosoftPlusSugarCRM">
				<thumb>larry_augustin.jpg</thumb>
				<smallposter>open_source_225.jpg</smallposter>
				<poster>open_source.jpg</poster>
			<mp4video>http://cdn-smooth.ms-studiosmedia.com/msstudios/Openess/mp4/OpenSourceVideo_Montage.mp4</mp4video>
			<ogvvideo>http://cdn-smooth.ms-studiosmedia.com/msstudios/Openess/ogv/OpenSourceVideo_Montage.ogv</ogvvideo>
			<webmvideo>http://cdn-smooth.ms-studiosmedia.com/msstudios/Openess/webm/OpenSourceVideo_Montage.webm</webmvideo>
				<title>Larry Augustin | CEO, SugarCRM</title>
				<label>Industry leaders share their perspective on open source and Microsoft</label>
				<description>SugarCRM is one of the largest developers of open source CRM software in the world. Listen to CEO Larry Augustin and other open source developers describe how Microsoft works with them to offer the best of both worlds.</description>
			</video>
		</videos>
	</page>
	<!--End Cloud Page-->
	
</content>